"id","first_name","last_name","phone_number","branch","genre","choreographer"
1,"John","Doe","123456789","Zhylyoi 1/2","Mix dance",NULL
2,"Lilly","Lee","87756789065","Zhylyoi 1/2","Mix dance",NULL
3,"Jackson","Robinson","87012784567","Kenesary 52","kpop cover",NULL
4,"Grace","Moore","87024367824","Zhylyoi 1/2","Jazz-funk ",NULL
5,"Daniel","Anderson","87012453678","Kenesary 52","Jazz-funk",NULL
6,"Lillian","Lee","87024103064","Zhylyoi 1/2","high heels",NULL
7,"Aria","Hernandez","87054689380","Kenesary 52","Mix dance",NULL
8,"Logan","Davis","87756237890","Kenesary 52","kpop cover",NULL
9,"Sophia","Taylor","87012789800","Zylyoi 1/2","high heels",NULL
10,"Samuel","Wilson","87023456789","Kenesary 52","high heels",NULL
11,"Ava","Harris","87054678976","Zhylyoi 1/2","Jazz-funk",NULL
12,"Noah","Thompson","87012879800","Kenesary 52","Jazz-funk",NULL
13,"Olivia","Robinson","87024567284","Zylyoi 1/2","Mix dance",NULL
14,"Chloe","Anderson","87025679265","Kenesary 52","Jazz-funk",NULL
15,"Liam","Davis","87012768377","Kenesary 52","Jazz-funk",NULL
16,"Emily","Moore","87056748900","Zylyoi 1/2","kpop cover",NULL
17,"Mason","Rodriguez","87777468933","Kenesary 52","kpop cover",NULL
18,"Alexander","Johnson","87056667689","Kenesary 52","Mix dance",NULL
19,"Elijah","Wilson","87025678900","Zhylyoi 1/2","kpop cover",NULL
20,"Aiden","Harris","87782521652","Kenesary 52","Jazz-funk",NULL
21,"Ava","Davis","87024356789","Kenesary 52","Mix dance",NULL
22,"Sophia","Lopez","87756435789","Zhylyoi 1/2","Mix dance",NULL
23,"Benjamin","Garcia","87023457281","Zhylyoi 1/2","high heels",NULL
24,"Elena","Martinez","87056427892","Kenesary 52","Jazz-funk",NULL
25,"Christopher","Johnson","87012347289","Kenesary 52","high heels",NULL
26,"Ethan","Brown","87012567800","Zhylyoi 1/2","Mix dance",NULL
27,"Emma","Garcia","87785426783","Zhylyoi 1/2","Jazz-funk",NULL
28,"Matthew","Taylor","87012890098","kenesary 52","high heels",NULL
29,"Mia","Martinez","87007893456","Zhylyoi 1/2","Mix dance",NULL
30,"Isabella","Harris","87089997899","Kenesary 52","kpop cover",NULL
31,"Dylan","Martin","87034567890","Zhylyoi 1/2","Jazz-funk",NULL
32,"Madison","Clark","87751234567","Kenesary 52","high heels",NULL
33,"Henry","Baker","87018907654","Zhylyoi 1/2","kpop cover",NULL
34,"Scarlett","Ward","87023456789","Kenesary 52","Mix dance",NULL
35,"Sebastian","Cooper","87012678900","Zhylyoi 1/2","Jazz-funk",NULL
36,"Avery","Fisher","87759998877","Kenesary 52","high heels",NULL
37,"Gabriella","Evans","87012789076","Zhylyoi 1/2","Jazz-funk",NULL
38,"Nathan","Turner","87045678901","Kenesary 52","Mix dance",NULL
39,"Hannah","Bell","87012345678","Zhylyoi 1/2","kpop cover",NULL
40,"Carter","Lloyd","87022223344","Kenesary 52","high heels",NULL
41,"Peyton","Hill","87098765432","Zhylyoi 1/2","Mix dance",NULL
42,"Evelyn","Woods","87076543210","Kenesary 52","Jazz-funk",NULL
43,"Julian","Harrison","87011223344","Zhylyoi 1/2","kpop cover",NULL
44,"Alexa","Wright","87099887766","Kenesary 52","Jazz-funk",NULL
45,"Owen","Rogers","87066778899","Zhylyoi 1/2","high heels",NULL
46,"Violet","Floyd","87087654321","Kenesary 52","kpop cover",NULL
47,"Leo","Grant","87771112233","Kenesary 52","Mix dance",NULL
48,"Stella","Perry","87045678901","Zhylyoi 1/2","Jazz-funk",NULL
49,"Lucas","Hudson","87098765432","Zhylyoi 1/2","high heels",NULL
50,"Bella","Reed","87011223344","Kenesary 52","Jazz-funk",NULL
51,"Sophie","Williams","87055556666","Zhylyoi 1/2","Jazz-funk",NULL
52,"Aidan","Perez","87044447777","Kenesary 52","high heels",NULL
53,"Emma","Gonzalez","87033338888","Zhylyoi 1/2","kpop cover",NULL
54,"Ethan","Turner","87022229999","Kenesary 52","Mix dance",NULL
55,"Ava","Baker","87011110000","Zhylyoi 1/2","Jazz-funk",NULL
56,"Liam","Cooper","87099998888","Kenesary 52","high heels",NULL
57,"Olivia","Fisher","87088887777","Zhylyoi 1/2","Jazz-funk",NULL
58,"Noah","Evans","87077776666","Kenesary 52","Mix dance",NULL
59,"Isabella","Taylor","87066665555","Zhylyoi 1/2","kpop cover",NULL
60,"Lucas","Lloyd","87055554444","Kenesary 52","high heels",NULL
61,"Mia","Hill","87044443333","Zhylyoi 1/2","Mix dance",NULL
62,"Landon","Woods","87033332222","Kenesary 52","Jazz-funk",NULL
63,"Avery","Harrison","87022231111","Zhylyoi 1/2","kpop cover",NULL
64,"Harper","Wright","87011119999","Kenesary 52","Jazz-funk",NULL
65,"Elijah","Rogers","87099998888","Zhylyoi 1/2","high heels",NULL
66,"Zoe","Floyd","87088887777","Kenesary 52","kpop cover",NULL
67,"Caleb","Grant","87077776666","Kenesary 52","Mix dance",NULL
68,"Grace","Perry","87066665555","Zhylyoi 1/2","Jazz-funk",NULL
69,"Jackson","Hudson","87055554444","Zhylyoi 1/2","high heels",NULL
70,"Lily","Reed","87044443333","Kenesary 52","Jazz-funk",NULL
71,"Eva","Scott","87076543210","Zhylyoi 1/2","kpop cover",NULL
72,"Mason","Murphy","87098765432","Kenesary 52","high heels",NULL
73,"Luna","Barnes","87011223344","Zhylyoi 1/2","Jazz-funk",NULL
74,"Leo","Ward","87099887766","Kenesary 52","Mix dance",NULL
75,"Scarlett","Fisher","87066778899","Zhylyoi 1/2","kpop cover",NULL
76,"Lucas","Baker","87087654321","Kenesary 52","Jazz-funk",NULL
77,"Aria","Cooper","87771112233","Zhylyoi 1/2","high heels",NULL
78,"Aiden","Evans","87045678901","Kenesary 52","Mix dance",NULL
79,"Ella","Taylor","87012789800","Zhylyoi 1/2","Jazz-funk",NULL
80,"Logan","Lloyd","87023456789","Kenesary 52","kpop cover",NULL
81,"Oliver","Hill","87054678976","Zhylyoi 1/2","high heels",NULL
82,"Aubrey","Woods","87756237890","Kenesary 52","Mix dance",NULL
83,"Sofia","Harrison","87012879800","Zhylyoi 1/2","Jazz-funk",NULL
84,"Xavier","Wright","87024567284","Kenesary 52","kpop cover",NULL
85,"Zara","Rogers","87024103064","Zhylyoi 1/2","high heels",NULL
86,"Connor","Floyd","87777468933","Kenesary 52","Jazz-funk",NULL
87,"Aurora","Grant","87098765432","Kenesary 52","Mix dance",NULL
88,"Cameron","Perry","87756435789","Zhylyoi 1/2","kpop cover",NULL
89,"Emma","Hudson","87023457281","Zhylyoi 1/2","Jazz-funk",NULL
90,"Liam","Reed","87056427892","Kenesary 52","high heels",NULL
91,"Zoe","Martin","87012347289","Kenesary 52","Mix dance",NULL
92,"Miles","Clark","87012567800","Zhylyoi 1/2","Jazz-funk",NULL
93,"Piper","Garcia","87785426783","Zhylyoi 1/2","kpop cover",NULL
94,"Owen","Taylor","87012890098","kenesary 52","high heels",NULL
95,"Isaac","Martinez","87007893456","Zhylyoi 1/2","Mix dance",NULL
96,"Hazel","Williams","87089997899","Kenesary 52","Jazz-funk",NULL
97,"Mason","Hernandez","87023456789","Zhylyoi 1/2","kpop cover",NULL
98,"Zara","Lopez","87043211234","Kenesary 52","high heels",NULL
99,"Leo","Garcia","87099887766","Zhylyoi 1/2","Mix dance",NULL
100,"Luna","Davis","87044446666","Kenesary 52","Jazz-funk",NULL
